merchant_id,merchant_name,payfac_id,onboard_date,industry,mcc,country,delivery_days,merchant_status
M0001,"Nova Group Learning",PF04,2022-11-09,Education,8299,Nigeria,9,Active
M0002,"Blue Partners Health",PF03,2022-05-02,Healthcare,8011,France,1,Active
M0003,"Summit Gate Retail",PF02,2022-07-01,Retail,5411,"United Kingdom",11,Active
M0004,"Bright Co Events",PF04,2019-05-20,Events,7922,Australia,20,Active
M0005,"River Ventures Retail",PF02,2022-12-06,Retail,5411,Australia,2,Active
M0006,"Cedar Bay Travel",PF04,2022-11-03,Travel,4722,"United Kingdom",81,Active
M0007,"Orbit Collective Health",PF06,2020-09-15,Healthcare,8011,"United States",5,Active
M0008,"Vertex Exchange Learning",PF01,2021-03-08,Education,8299,"United States",7,Active
M0009,"Harbor Loft Digital",PF01,2018-03-21,"Digital Services",5818,Canada,0,Active
M0010,"Falcon Market Cloud",PF02,2022-06-08,SaaS/Subscriptions,5817,India,0,Active
M0011,"Maple Depot Services",PF08,2023-08-09,"Consumer Services",7299,France,3,Active
M0012,"Silver Trail Health",PF05,2020-10-03,Healthcare,8011,India,3,Active
M0013,"Crest Studio Digital",PF01,2021-02-25,"Digital Services",5818,France,1,Active
M0014,"North Hub Stays",PF08,2020-11-29,Hospitality,7011,Germany,1,Active
M0015,"Atlas Works Retail",PF04,2018-06-26,Retail,5411,Canada,2,Active
M0016,"Clover Point Travel",PF04,2021-08-13,Travel,4722,"United States",50,Active
M0017,"Golden Line Stays",PF09,2022-03-17,Hospitality,7011,"United Arab Emirates",1,Active
M0018,"Union Labs Learning",PF01,2023-05-31,Education,8299,Canada,16,Active
M0019,"Prime House Digital",PF02,2023-06-04,"Digital Services",5818,"South Africa",1,Active
M0020,"Echo Field Services",PF05,2020-11-13,"Consumer Services",7299,Canada,5,Active
M0021,"Lumen Group Cloud",PF02,2023-08-05,SaaS/Subscriptions,5817,"United States",0,Active
M0022,"Meridian Partners Cloud",PF06,2021-01-31,SaaS/Subscriptions,5817,Germany,0,Active
M0023,"Anchor Gate Retail",PF02,2021-09-29,Retail,5411,"United States",10,Active
M0024,"Pioneer Co Stays",PF01,2021-07-06,Hospitality,7011,"United States",0,Suspended
M0025,"Aster Ventures Stays",PF02,2023-10-29,Hospitality,7011,Singapore,1,Active
M0026,"Quartz Bay Retail",PF03,2022-04-20,Retail,5411,Australia,9,Active
M0027,"Willow Collective Events",PF01,2018-09-13,Events,7922,Canada,33,Active
M0028,"Beacon Exchange Learning",PF01,2018-06-03,Education,8299,Brazil,13,Active
M0029,"Coral Loft Retail",PF08,2020-05-23,Retail,5411,Australia,3,Active
M0030,"Delta Market Health",PF02,2021-01-03,Healthcare,8011,Canada,1,Active
M0031,"Nova Depot Digital",PF03,2021-11-25,"Digital Services",5818,"United States",1,Active
M0032,"Blue Trail Cloud",PF01,2020-10-22,SaaS/Subscriptions,5817,"United Kingdom",0,Active
M0033,"Summit Studio Health",PF03,2021-01-01,Healthcare,8011,"United Arab Emirates",5,Active
M0034,"Bright Hub Digital",PF02,2023-05-18,"Digital Services",5818,Brazil,1,Active
M0035,"River Works Cloud",PF05,2019-12-15,SaaS/Subscriptions,5817,"United States",0,Active
M0036,"Cedar Point Events",PF02,2020-11-17,Events,7922,India,28,Active
M0037,"Orbit Line Learning",PF08,2021-04-02,Education,8299,Singapore,4,Active
M0038,"Vertex Labs Stays",PF09,2020-09-24,Hospitality,7011,"United States",0,Active
M0039,"Harbor House Stays",PF01,2023-08-25,Hospitality,7011,Germany,1,Active
M0040,"Falcon Field Travel",PF01,2023-08-12,Travel,4722,"South Africa",56,Active
M0041,"Maple Group Digital",PF01,2020-12-28,"Digital Services",5818,Singapore,1,Active
M0042,"Silver Partners Learning",PF05,2020-08-17,Education,8299,"United Kingdom",27,Suspended
M0043,"Crest Gate Digital",PF01,2021-06-08,"Digital Services",5818,Brazil,0,Active
M0044,"North Co Digital",PF08,2019-01-21,"Digital Services",5818,"United Kingdom",1,Active
M0045,"Atlas Ventures Retail",PF07,2020-06-26,Retail,5411,Brazil,5,Active
M0046,"Clover Bay Retail",PF07,2019-04-08,Retail,5411,"United Kingdom",4,Active
M0047,"Golden Collective Stays",PF04,2018-11-03,Hospitality,7011,"United Arab Emirates",1,Active
M0048,"Union Exchange Travel",PF10,2018-07-22,Travel,4722,Germany,22,Active
M0049,"Prime Loft Learning",PF01,2021-06-04,Education,8299,"United Kingdom",10,Active
M0050,"Echo Market Retail",PF03,2018-01-02,Retail,5411,Brazil,8,Active
M0051,"Lumen Depot Retail",PF02,2021-10-08,Retail,5411,"United States",4,Active
M0052,"Meridian Trail Digital",PF09,2020-07-09,"Digital Services",5818,"United States",1,Active
M0053,"Anchor Studio Learning",PF05,2020-02-20,Education,8299,"United Kingdom",14,Active
M0054,"Pioneer Hub Retail",PF07,2022-06-27,Retail,5411,Australia,10,Active
M0055,"Aster Works Retail",PF01,2021-02-21,Retail,5411,Canada,3,Active
M0056,"Quartz Point Cloud",PF10,2022-04-12,SaaS/Subscriptions,5817,France,0,Active
M0057,"Willow Line Travel",PF04,2022-02-20,Travel,4722,"United Kingdom",24,Active
M0058,"Beacon Labs Retail",PF04,2018-03-10,Retail,5411,Germany,7,Active
M0059,"Coral House Stays",PF10,2019-04-04,Hospitality,7011,"United States",0,Active
M0060,"Delta Field Cloud",PF03,2021-04-29,SaaS/Subscriptions,5817,"United Arab Emirates",0,Closed
M0061,"Nova Group Health",PF03,2023-09-09,Healthcare,8011,France,4,Active
M0062,"Blue Partners Events",PF05,2018-11-25,Events,7922,Australia,18,Active
M0063,"Summit Gate Travel",PF01,2018-08-13,Travel,4722,"United Arab Emirates",60,Active
M0064,"Bright Co Events",PF02,2023-06-28,Events,7922,Germany,60,Active
M0065,"River Ventures Cloud",PF02,2023-08-22,SaaS/Subscriptions,5817,"South Africa",0,Active
M0066,"Cedar Bay Learning",PF01,2018-12-23,Education,8299,India,2,Active
M0067,"Orbit Collective Retail",PF08,2020-05-05,Retail,5411,"United States",5,Active
M0068,"Vertex Exchange Digital",PF05,2021-08-27,"Digital Services",5818,Germany,1,Active
M0069,"Harbor Loft Learning",PF03,2019-02-20,Education,8299,"United States",16,Active
M0070,"Falcon Market Cloud",PF03,2019-11-26,SaaS/Subscriptions,5817,"United States",0,Active
M0071,"Maple Depot Digital",PF03,2020-04-21,"Digital Services",5818,"United States",0,Suspended
M0072,"Silver Trail Stays",PF05,2021-09-28,Hospitality,7011,India,0,Active
M0073,"Crest Studio Travel",PF09,2019-10-19,Travel,4722,Singapore,74,Active
M0074,"North Hub Travel",PF09,2020-05-28,Travel,4722,"United Kingdom",81,Active
M0075,"Atlas Works Digital",PF03,2019-09-09,"Digital Services",5818,Germany,0,Active
M0076,"Clover Point Retail",PF02,2022-06-07,Retail,5411,Nigeria,7,Active
M0077,"Golden Line Stays",PF03,2018-11-22,Hospitality,7011,Australia,2,Active
M0078,"Union Labs Retail",PF04,2019-05-07,Retail,5411,India,3,Active
M0079,"Prime House Stays",PF04,2019-06-17,Hospitality,7011,"United Kingdom",0,Active
M0080,"Echo Field Digital",PF05,2023-04-14,"Digital Services",5818,"South Africa",1,Active
M0081,"Lumen Group Retail",PF04,2023-07-05,Retail,5411,"United Kingdom",4,Active
M0082,"Meridian Partners Cloud",PF02,2020-12-01,SaaS/Subscriptions,5817,"United Kingdom",0,Active
M0083,"Anchor Gate Cloud",PF03,2018-11-30,SaaS/Subscriptions,5817,"South Africa",0,Active
M0084,"Pioneer Co Learning",PF03,2022-05-30,Education,8299,India,23,Active
M0085,"Aster Ventures Cloud",PF01,2020-11-14,SaaS/Subscriptions,5817,Australia,0,Active
M0086,"Quartz Bay Travel",PF01,2022-12-15,Travel,4722,"United Arab Emirates",55,Active
M0087,"Willow Collective Travel",PF06,2020-02-06,Travel,4722,Singapore,90,Active
M0088,"Beacon Exchange Services",PF03,2023-10-29,"Consumer Services",7299,"United Kingdom",0,Active
M0089,"Coral Loft Health",PF02,2022-09-15,Healthcare,8011,"United Kingdom",5,Active
M0090,"Delta Market Digital",PF04,2019-04-23,"Digital Services",5818,"United Kingdom",0,Active
M0091,"Nova Depot Events",PF07,2022-03-26,Events,7922,"United States",15,Active
M0092,"Blue Trail Services",PF02,2019-09-04,"Consumer Services",7299,Brazil,4,Active
M0093,"Summit Studio Digital",PF07,2020-01-16,"Digital Services",5818,"United Kingdom",1,Active
M0094,"Bright Hub Digital",PF09,2019-06-18,"Digital Services",5818,"United Arab Emirates",1,Active
M0095,"River Works Retail",PF05,2021-12-24,Retail,5411,Canada,3,Active
M0096,"Cedar Point Events",PF05,2019-07-14,Events,7922,Canada,17,Active
M0097,"Orbit Line Travel",PF01,2021-09-22,Travel,4722,Germany,60,Suspended
M0098,"Vertex Labs Health",PF09,2021-05-25,Healthcare,8011,India,5,Active
M0099,"Harbor House Retail",PF03,2022-05-19,Retail,5411,France,6,Active
M0100,"Falcon Field Stays",PF09,2023-10-18,Hospitality,7011,Singapore,2,Active
M0101,"Maple Group Cloud",PF05,2018-01-19,SaaS/Subscriptions,5817,Canada,0,Active
M0102,"Silver Partners Retail",PF01,2023-10-11,Retail,5411,"South Africa",11,Active
M0103,"Crest Gate Stays",PF01,2018-08-21,Hospitality,7011,Canada,2,Active
M0104,"North Co Health",PF06,2021-01-27,Healthcare,8011,"United States",3,Active
M0105,"Atlas Ventures Digital",PF04,2019-12-28,"Digital Services",5818,"United Arab Emirates",1,Active
M0106,"Clover Bay Digital",PF01,2021-09-23,"Digital Services",5818,"United States",1,Active
M0107,"Golden Collective Retail",PF06,2022-03-18,travel,5411,Singapore,9,Active
M0108,"Union Exchange Learning",PF08,2023-01-06,Education,8299,Nigeria,17,Active
M0109,"Prime Loft Retail",PF04,2020-05-06,Retail,5411,India,7,Active
M0110,"Echo Market Learning",PF04,2023-06-11,Education,8299,Germany,13,Active
M0111,"Lumen Depot Travel",PF01,2019-11-18,Travel,4722,"United States",66,Active
M0112,"Meridian Trail Cloud",PF07,2019-03-11,SaaS/Subscriptions,5817,Nigeria,0,Active
M0113,"Anchor Studio Travel",PF03,2020-03-18,Travel,4722,"United States",NULL,Active
M0114,"Pioneer Hub Retail",PF08,2021-01-30,Retail,5411,"United States",12,Active
M0115,"Aster Works Cloud",PF03,2021-11-24,SaaS/Subscriptions,5817,"United Kingdom",0,Active
M0116,"Quartz Point Stays",PF04,2022-11-09,Hospitality,7011,"United States",1,Active
M0117,"Willow Line Travel",PF02,2019-04-24,Travel,4722,India,27,Active
M0118,"Beacon Labs Retail",PF01,2019-10-08,Retail,5411,India,8,Active
M0119,"Coral House Stays",PF07,2023-06-23,Hospitality,7011,"United Kingdom",0,Suspended
M0120,"Delta Field Services",PF04,2020-07-25,"Consumer Services",7299,"United States",0,Active
M0121,"Nova Group Retail",PF04,2019-05-30,Retail,5411,"United States",2,Active
M0122,"Blue Partners Cloud",PF10,2023-10-01,SaaS/Subscriptions,5817,Germany,0,Active
M0123,"Summit Gate Retail",PF10,2020-08-14,Retail,5411,"United States",8,Active
M0124,"Bright Co Travel",PF08,2023-09-30,Travel,4722,Singapore,87,Active
M0125,"River Ventures Services",PF02,2023-05-13,"Consumer Services",7299,"United States",3,Active
M0126,"Cedar Bay Retail",PF05,2023-04-15,Retail,5411,"United Kingdom",6,Suspended
M0127,"Orbit Collective Digital",PF08,2021-05-24,"Digital Services",5818,Germany,0,Active
M0128,"Vertex Exchange Travel",PF03,2022-08-28,Travel,4722,Germany,67,Suspended
M0129,"Harbor Loft Retail",PF01,2023-08-08,Retail,5411,"United States",2,Active
M0130,"Falcon Market Retail",PF07,2019-07-28,Retail,5411,"United States",11,Active
M0131,"Maple Depot Services",PF04,2018-03-22,"Consumer Services",7299,Brazil,4,Active
M0132,"Silver Trail Retail",PF04,2019-11-15,Retail,5411,NULL,12,Active
M0133,"Crest Studio Retail",PF10,2021-09-18,Retail,5411,India,5,Active
M0134,"North Hub Events",PF05,2021-03-11,Events,7922,India,21,Active
M0135,"Atlas Works Cloud",PF03,2018-06-21,SaaS/Subscriptions,5817,"United Kingdom",0,Active
M0136,"Clover Point Retail",PF03,2021-04-09,Retail,5411,Germany,5,Active
M0137,"Golden Line Retail",PF03,2019-01-07,Retail,5411,Canada,10,Active
M0138,"Union Labs Travel",PF01,2020-12-12,Travel,4722,Brazil,35,Active
M0139,"Prime House Health",PF07,2021-05-11,Healthcare,8011,"United Kingdom",5,Active
M0140,"Echo Field Health",PF08,2021-09-18,Healthcare,8011,"United Kingdom",0,Active
M0141,"Lumen Group Stays",PF02,2020-05-28,Hospitality,7011,"United Kingdom",0,Active
M0142,"Meridian Partners Retail",PF02,2020-05-19,Retail,5411,NULL,4,Active
M0143,"Anchor Gate Travel",PF08,2021-12-16,Travel,4722,Singapore,73,Active
M0144,"Pioneer Co Learning",PF01,2022-05-15,Education,8299,"United Kingdom",18,Active
M0145,"Aster Ventures Events",PF04,2022-09-17,Events,7922,"United Kingdom",30,Active
M0146,"Quartz Bay Learning",PF04,2019-12-12,Education,8299,Nigeria,20,Active
M0147,"Willow Collective Digital",PF06,2020-06-22,"Digital Services",5818,"United States",1,Active
M0148,"Beacon Exchange Digital",PF01,2019-12-06,"Digital Services",5818,India,1,Active
M0149,"Coral Loft Travel",PF05,2021-01-28,Travel,4722,Australia,56,Active
M0150,"Delta Market Services",PF03,2018-09-28,"Consumer Services",7299,"United States",0,Active
M0151,"Nova Depot Events",PF05,2020-07-05,Events,7922,"United States",26,Active
M0152,"Blue Trail Travel",PF01,2019-02-06,Travel,4722,"United States",57,Active
M0153,"Summit Studio Retail",PF04,2021-02-08,Retail,5411,"South Africa",3,Active
M0154,"Bright Hub Cloud",PF04,2022-12-17,SaaS/Subscriptions,5817,"United States",0,Active
M0155,"River Works Health",PF02,2023-09-30,Healthcare,8011,"United States",2,Suspended
M0156,"Cedar Point Digital",PF01,2020-08-08,"Digital Services",5818,"United States",0,Active
M0157,"Orbit Line Cloud",PF02,2018-04-30,SaaS/Subscriptions,5817,"United States",0,Active
M0158,"Vertex Labs Services",PF03,2019-05-01,"Consumer Services",7299,"United Arab Emirates",4,Active
M0159,"Harbor House Cloud",PF01,2018-08-12,SaaS/Subscriptions,5817,"United Kingdom",0,Active
M0160,"Falcon Field Retail",PF09,2022-06-06,Retail,5411,"United Arab Emirates",3,Active
M0161,"Maple Group Events",PF03,2023-09-29,Events,7922,"United Arab Emirates",18,Active
M0162,"Silver Partners Services",PF07,2021-03-25,"Consumer Services",7299,Brazil,3,Active
M0163,"Crest Gate Stays",PF10,2019-01-12,Hospitality,7011,"United States",0,Active
M0164,"North Co Travel",PF01,2018-02-15,Travel,4722,Brazil,44,Active
M0165,"Atlas Ventures Retail",PF05,2023-09-11,Retail,5411,"United Arab Emirates",5,Active
M0166,"Clover Bay Services",PF08,2019-11-05,"Consumer Services",7299,"United States",1,Active
M0167,"Golden Collective Health",PF05,2018-08-27,Healthcare,8011,Canada,4,Active
M0168,"Union Exchange Digital",PF03,2019-01-13,"Digital Services",5818,Brazil,1,Closed
M0169,"Prime Loft Health",PF03,2019-06-28,Healthcare,8011,"United Kingdom",1,Active
M0170,"Echo Market Health",PF01,2021-10-29,Healthcare,8011,"South Africa",4,Active
M0171,"Lumen Depot Retail",PF04,2023-03-15,Retail,5411,India,9,Active
M0172,"Meridian Trail Cloud",PF10,2019-08-09,SaaS/Subscriptions,5817,"United Arab Emirates",0,Active
M0173,"Anchor Studio Digital",PF09,2022-01-03,"Digital Services",5818,France,1,Active
M0174,"Pioneer Hub Learning",PF01,2018-05-19,Education,8299,Germany,17,Active
M0175,"Aster Works Cloud",PF06,2018-01-22,SaaS/Subscriptions,5817,Canada,0,Active
M0176,"Quartz Point Travel",PF02,2018-04-28,Travel,4722,"United Kingdom",86,Active
M0177,"Willow Line Digital",PF09,2023-05-21,"Digital Services",5818,Canada,0,Active
M0178,"Beacon Labs Events",PF01,2021-05-24,Events,7922,"United Arab Emirates",32,Active
M0179,"Coral House Services",PF09,2022-09-12,"Consumer Services",7299,"United States",3,Active
M0180,"Delta Field Events",PF08,2018-02-16,Events,7922,Germany,53,Active
M0181,"Nova Group Stays",PF01,2018-02-17,Hospitality,7011,"United Kingdom",2,Active
M0182,"Blue Partners Health",PF01,2022-12-13,Healthcare,8011,"United States",0,Active
M0183,"Summit Gate Stays",PF08,2018-08-07,Hospitality,7011,"United States",1,Active
M0184,"Bright Co Stays",PF01,2018-11-27,Hospitality,7011,"United Kingdom",2,Active
M0185,"River Ventures Retail",PF04,2021-01-10,Retail,5411,"United States",4,Active
M0186,"Cedar Bay Health",PF09,2021-07-15,Healthcare,8011,"United States",5,Closed
M0187,"Orbit Collective Stays",PF04,2019-05-03,Hospitality,7011,Australia,2,Suspended
M0188,"Vertex Exchange Cloud",PF03,2020-08-05,SaaS/Subscriptions,5817,Australia,0,Active
M0189,"Harbor Loft Digital",PF03,2021-12-08,"Digital Services",5818,Australia,1,Active
M0190,"Falcon Market Services",PF01,2020-08-01,"Consumer Services",7299,"United Kingdom",0,Active
M0191,"Maple Depot Retail",PF10,2020-03-26,Retail,5411,"South Africa",8,Active
M0192,"Silver Trail Stays",PF02,2018-06-02,Hospitality,7011,"United Arab Emirates",1,Active
M0193,"Crest Studio Travel",PF02,2020-08-20,Travel,4722,"United States",64,Active
M0194,"North Hub Events",PF02,2022-09-06,Events,7922,"United States",53,Active
M0195,"Atlas Works Stays",PF10,2021-08-27,Hospitality,7011,Singapore,NULL,Active
M0196,"Clover Point Learning",PF01,2023-03-18,Education,8299,"United States",16,Closed
M0197,"Golden Line Stays",PF08,2018-09-26,Hospitality,7011,India,2,Active
M0198,"Union Labs Retail",PF06,2018-01-24,Retail,5411,France,10,Active
M0199,"Prime House Digital",PF08,2021-03-13,"Digital Services",5818,"United States",1,Closed
M0200,"Echo Field Retail",PF10,2019-01-16,Retail,5411,"United States",5,Active
M0201,"Lumen Group Stays",PF08,2021-06-19,Hospitality,7011,France,2,Active
M0202,"Meridian Partners Digital",PF09,2023-04-10,"Digital Services",5818,"United Arab Emirates",0,Active
M0203,"Anchor Gate Digital",PF01,2019-12-20,"Digital Services",5818,"United States",0,Active
M0204,"Pioneer Co Digital",PF07,2021-03-16,"Digital Services",5818,"South Africa",1,Active
M0205,"Aster Ventures Stays",PF04,2021-12-23,Hospitality,7011,Brazil,0,Active
M0206,"Quartz Bay Stays",PF04,2018-11-16,Hospitality,7011,India,1,Active
M0207,"Willow Collective Services",PF08,2023-03-27,"Consumer Services",7299,"United Arab Emirates",3,Active
M0208,"Beacon Exchange Cloud",PF10,2019-03-08,SaaS/Subscriptions,5817,"United Kingdom",0,Active
M0209,"Coral Loft Cloud",PF06,2022-09-18,SaaS/Subscriptions,5817,"United States",0,Active
M0210,"Delta Market Retail",PF04,2021-11-06,Retail,5411,"United Arab Emirates",8,Active
M0211,"Nova Depot Learning",PF03,2018-10-28,Education,8299,"United Kingdom",3,Active
M0212,"Blue Trail Services",PF03,2022-03-24,"Consumer Services",7299,Singapore,1,Active
M0213,"Summit Studio Events",PF03,2019-02-23,Events,7922,Brazil,25,Active
M0214,"Bright Hub Services",PF03,2021-06-30,"Consumer Services",7299,"United States",3,Active
M0215,"River Works Travel",PF01,2023-08-07,TRAVEL,4722,"United Arab Emirates",43,Active
M0216,"Cedar Point Retail",PF01,2023-07-24,Retail,5411,"United Kingdom",8,Active
M0217,"Orbit Line Learning",PF07,2023-01-30,Education,8299,Brazil,22,Active
M0218,"Vertex Labs Travel",PF03,2020-11-18,Travel,4722,"United Kingdom",76,Active
M0219,"Harbor House Stays",PF09,2021-04-06,Hospitality,7011,"United Arab Emirates",0,Active
M0220,"Falcon Field Cloud",PF05,2019-10-02,SaaS/Subscriptions,5817,"United Arab Emirates",0,Active
M0221,"Maple Group Services",PF01,2023-05-16,"Consumer Services",7299,Germany,5,Active
M0222,"Silver Partners Retail",PF01,2020-10-13,Retail,5411,Singapore,3,Active
M0223,"Crest Gate Services",PF02,2022-07-02,"Consumer Services",7299,Australia,0,Active
M0224,"North Co Digital",PF10,2020-02-06,"Digital Services",5818,"United Arab Emirates",0,Active
M0225,"Atlas Ventures Retail",PF02,2022-04-27,Retail,5411,Australia,4,Active
M0226,"Clover Bay Digital",PF04,2019-04-24,"Digital Services",5818,France,1,Active
M0227,"Golden Collective Travel",PF09,2022-04-12,Travel,4722,Germany,34,Active
M0228,"Union Exchange Travel",PF10,2018-04-08,Travel,4722,India,69,Active
M0229,"Prime Loft Health",PF02,2018-08-12,Healthcare,8011,"United States",2,Active
M0230,"Echo Market Digital",PF01,2020-01-21,"Digital Services",5818,Canada,0,Active
M0231,"Lumen Depot Events",PF01,2020-10-23,Events,7922,India,34,Active
M0232,"Meridian Trail Retail",PF01,2022-02-24,Retail,5411,Germany,2,Active
M0233,"Anchor Studio Retail",PF02,2020-02-04,Retail,5411,"United States",7,Active
M0234,"Pioneer Hub Health",PF04,2018-02-09,Healthcare,8011,Brazil,3,Active
M0235,"Aster Works Retail",PF09,2019-11-25,Retail,5411,Germany,7,Active
M0236,"Quartz Point Cloud",PF04,2020-07-24,SaaS/Subscriptions,5817,Singapore,0,Active
M0237,"Willow Line Cloud",PF05,2021-03-04,SaaS/Subscriptions,5817,"United States",0,Active
M0238,"Beacon Labs Cloud",PF02,2021-10-03,SaaS/Subscriptions,5817,Nigeria,0,Active
M0239,"Coral House Learning",PF07,2019-06-12,Education,8299,"United States",8,Active
M0240,"Delta Field Health",PF05,2021-07-24,Healthcare,8011,"United States",4,Active
M0241,"Nova Group Retail",PF08,2021-09-07,Retail,5411,Brazil,8,Active
M0242,"Blue Partners Events",PF09,2022-07-13,Events,7922,"South Africa",25,Active
M0243,"Summit Gate Events",PF03,2021-01-16,Events,7922,"United States",34,Active
M0244,"Bright Co Digital",PF01,2022-09-23,"Digital Services",5818,India,0,Active
M0245,"River Ventures Digital",PF02,2019-04-18,"Digital Services",5818,Australia,1,Active
M0246,"Cedar Bay Travel",PF03,2022-02-24,Travel,4722,Brazil,73,Active
M0247,"Orbit Collective Travel",PF09,2018-04-08,Travel,4722,Germany,40,Active
M0248,"Vertex Exchange Retail",PF03,2018-08-07,Retail,5411,India,9,Active
M0249,"Harbor Loft Stays",PF07,2023-01-16,Hospitality,7011,Australia,2,Active
M0250,"Falcon Market Health",PF04,2020-10-08,Healthcare,8011,Australia,3,Active
M0251,"Maple Depot Cloud",PF02,2021-08-15,SaaS/Subscriptions,5817,Canada,0,Active
M0252,"Silver Trail Stays",PF02,2021-07-09,Hospitality,7011,"United Arab Emirates",0,Active
M0253,"Crest Studio Services",PF05,2022-01-20,"Consumer Services",7299,"United States",5,Active
M0254,"North Hub Stays",PF06,2019-06-08,Hospitality,7011,"South Africa",2,Active
M0255,"Atlas Works Events",PF03,2019-01-15,Events,7922,Brazil,59,Active
M0256,"Clover Point Stays",PF02,2018-04-01,Hospitality,7011,Canada,2,Active
M0257,"Golden Line Travel",PF06,2023-01-16,Travel,4722,"United States",85,Active
M0258,"Union Labs Travel",PF01,2019-04-22,Travel,4722,"United States",72,Active
M0259,"Prime House Travel",PF09,2021-05-10,Travel,4722,Australia,24,Active
M0260,"Echo Field Stays",PF02,2020-08-26,Hospitality,7011,"United States",1,Active
M0261,"Lumen Group Travel",PF01,2018-12-12,Travel,4722,France,37,Active
M0262,"Meridian Partners Retail",PF04,2020-05-31,Retail,5411,Germany,4,Suspended
M0263,"Anchor Gate Learning",PF04,2018-06-27,Education,8299,Australia,25,Active
M0264,"Pioneer Co Cloud",PF04,2019-01-12,SaaS/Subscriptions,5817,Brazil,0,Active
M0265,"Aster Ventures Cloud",PF03,2018-10-25,SaaS/Subscriptions,5817,Germany,0,Active
M0266,"Quartz Bay Retail",PF10,2022-10-23,Retail,5411,"United Kingdom",10,Active
M0267,"Willow Collective Health",PF04,2021-04-23,Healthcare,8011,"United Arab Emirates",3,Active
M0268,"Beacon Exchange Health",PF04,2023-05-26,Healthcare,8011,"United Arab Emirates",4,Active
M0269,"Coral Loft Travel",PF03,2020-07-17,Travel,4722,Germany,29,Active
M0270,"Delta Market Stays",PF01,2019-03-05,Hospitality,7011,"United Arab Emirates",0,Active
M0271,"Nova Depot Events",PF05,2021-07-20,Events,7922,Nigeria,54,Active
M0272,"Blue Trail Events",PF02,2023-06-03,Events,7922,India,35,Active
M0273,"Summit Studio Retail",PF05,2021-02-08,Retail,5411,"United States",8,Active
M0274,"Bright Hub Cloud",PF01,2018-02-08,SaaS/Subscriptions,5817,Germany,0,Active
M0275,"River Works Travel",PF10,2019-10-09,Travel,4722,Germany,52,Active
M0276,"Cedar Point Cloud",PF04,2023-05-25,SaaS/Subscriptions,5817,"United States",0,Suspended
M0277,"Orbit Line Retail",PF08,2021-01-09,Retail,5411,"United States",4,Active
M0278,"Vertex Labs Travel",PF04,2023-07-21,Travel,4722,Singapore,78,Active
M0279,"Harbor House Health",PF01,2020-12-20,Healthcare,8011,"United Kingdom",4,Active
M0280,"Falcon Field Travel",PF07,2018-01-26,Travel,4722,Nigeria,68,Active
M0281,"Maple Group Services",PF05,2023-02-03,"Consumer Services",7299,"United Kingdom",2,Active
M0282,"Silver Partners Travel",PF07,2022-06-14,Travel,4722,"United States",65,Active
M0283,"Crest Gate Health",PF03,2022-03-04,Healthcare,8011,Australia,5,Active
M0284,"North Co Health",PF05,2023-08-29,Healthcare,8011,Brazil,3,Active
M0285,"Atlas Ventures Services",PF08,2019-02-22,"Consumer Services",7299,"United Kingdom",2,Active
M0286,"Clover Bay Digital",PF05,2023-04-14,"Digital Services",5818,"United States",0,Active
M0287,"Golden Collective Digital",PF03,2019-05-11,"Digital Services",5818,"United States",1,Active
M0288,"Union Exchange Learning",PF05,2023-08-30,Education,8299,India,11,Active
M0289,"Prime Loft Digital",PF06,2019-02-12,"Digital Services",5818,India,1,Active
M0290,"Echo Market Stays",PF10,2021-03-18,Hospitality,7011,"United Kingdom",0,Active
M0291,"Lumen Depot Retail",PF03,2022-08-09,Retail,5411,"United States",4,Active
M0292,"Meridian Trail Retail",PF03,2018-06-16,Retail,5411,India,10,Active
M0293,"Anchor Studio Health",PF07,2018-05-23,Healthcare,8011,Nigeria,2,Active
M0294,"Pioneer Hub Retail",PF04,2022-12-16,Retail,5411,Singapore,6,Suspended
M0295,"Aster Works Cloud",PF06,2018-05-09,SaaS/Subscriptions,5817,India,0,Active
M0296,"Quartz Point Learning",PF03,2021-07-31,Education,8299,"United States",16,Suspended
M0297,"Willow Line Events",PF02,2023-06-22,Events,7922,"United Kingdom",34,Active
M0298,"Beacon Labs Stays",PF06,2021-08-02,Hospitality,7011,"United Kingdom",2,Active
M0299,"Coral House Retail",PF01,2020-10-21,Retail,5411,Australia,4,Active
M0300,"Delta Field Cloud",PF02,2020-06-07,SaaS/Subscriptions,5817,Brazil,0,Active
M0301,"Nova Group Events",PF05,2021-09-21,Events,7922,"South Africa",49,Active
M0302,"Blue Partners Cloud",PF06,2021-05-03,SaaS/Subscriptions,5817,France,0,Active
M0303,"Summit Gate Cloud",PF08,2020-12-04,SaaS/Subscriptions,5817,France,0,Active
M0304,"Bright Co Cloud",PF02,2018-11-24,SaaS/Subscriptions,5817,Nigeria,0,Active
M0305,"River Ventures Cloud",PF01,2021-11-12,SaaS/Subscriptions,5817,"United States",0,Active
M0306,"Cedar Bay Learning",PF09,2022-04-25,Education,8299,"United States",6,Active
M0307,"Orbit Collective Cloud",PF01,2022-02-18,SaaS/Subscriptions,5817,"United Kingdom",0,Active
M0308,"Vertex Exchange Services",PF02,2018-06-09,"Consumer Services",7299,"United Arab Emirates",2,Active
M0309,"Harbor Loft Services",PF02,2022-02-06,"Consumer Services",7299,"United States",3,Active
M0310,"Falcon Market Retail",PF04,2022-04-04,Retail,5411,Brazil,11,Active
M0311,"Maple Depot Cloud",PF08,2019-01-26,SaaS/Subscriptions,5817,"United Arab Emirates",0,Active
M0312,"Silver Trail Retail",PF07,2022-12-14,Retail,5411,India,4,Active
M0313,"Crest Studio Health",PF06,2021-01-20,Healthcare,8011,"United States",3,Active
M0314,"North Hub Learning",PF01,2020-10-03,Education,8299,"United Kingdom",1,Active
M0315,"Atlas Works Digital",PF03,2022-03-20,"Digital Services",5818,"United States",0,Active
M0316,"Clover Point Retail",PF04,2020-12-21,Retail,5411,Brazil,10,Active
M0317,"Golden Line Learning",PF01,2021-03-06,Education,8299,"United Arab Emirates",22,Active
M0318,"Union Labs Events",PF02,2019-10-28,Events,7922,Australia,31,Active
M0319,"Prime House Digital",PF02,2023-05-31,"Digital Services",5818,"United Kingdom",1,Active
M0320,"Echo Field Stays",PF01,2023-08-27,Hospitality,7011,Germany,1,Active
M0321,"Lumen Group Digital",PF04,2018-10-05,"Digital Services",5818,Germany,0,Suspended
M0322,"Meridian Partners Health",PF06,2022-04-11,Healthcare,8011,Australia,2,Active
M0323,"Anchor Gate Stays",PF01,2018-02-19,Hospitality,7011,Canada,0,Active
M0324,"Pioneer Co Learning",PF04,2020-02-25,Education,8299,"United States",25,Active
M0325,"Aster Ventures Travel",PF07,2023-08-29,Travel,4722,Nigeria,49,Active
M0326,"Quartz Bay Digital",PF06,2019-01-08,"Digital Services",5818,"United States",0,Suspended
M0327,"Willow Collective Travel",PF07,2020-03-14,Travel,4722,"South Africa",58,Active
M0328,"Beacon Exchange Services",PF03,2019-04-13,"Consumer Services",7299,"United States",4,Active
M0329,"Coral Loft Stays",PF07,2022-04-01,Hospitality,7011,"United Kingdom",0,Closed
M0330,"Delta Market Services",PF02,2020-09-15,"Consumer Services",7299,Brazil,5,Active
M0331,"Nova Depot Digital",PF03,2021-06-17,"Digital Services",5818,"United States",0,Active
M0332,"Blue Trail Retail",PF01,2023-07-01,Retail,5411,Germany,9,Active
M0333,"Summit Studio Digital",PF04,2021-01-14,"Digital Services",5818,Germany,1,Active
M0334,"Bright Hub Digital",PF03,2022-04-13,"Digital Services",5818,"United Kingdom",0,Active
M0335,"River Works Services",PF02,2018-07-28,"Consumer Services",7299,Australia,1,Active
M0336,"Cedar Point Events",PF07,2019-04-04,Events,7922,Brazil,49,Active
M0337,"Orbit Line Retail",PF02,2023-07-10,Retail,5411,Brazil,2,Active
M0338,"Vertex Labs Travel",PF02,2023-01-05,Travel,4722,"United Kingdom",52,Active
M0339,"Harbor House Learning",PF01,2021-10-30,Education,8299,India,30,Active
M0340,"Falcon Field Stays",PF03,2020-03-16,Hospitality,7011,"United Kingdom",1,Active
M0341,"Maple Group Retail",PF02,2019-03-02,Retail,5411,"United Kingdom",9,Active
M0342,"Silver Partners Retail",PF03,2022-12-20,Retail,5411,"United States",7,Active
M0343,"Crest Gate Retail",PF02,2022-07-31,Retail,5411,Nigeria,4,Active
M0344,"North Co Retail",PF07,2019-05-30,Retail,5411,Brazil,5,Active
M0345,"Atlas Ventures Digital",PF09,2021-06-10,"Digital Services",5818,Canada,1,Active
M0346,"Clover Bay Digital",PF04,2021-08-10,"Digital Services",5818,India,0,Active
M0347,"Golden Collective Retail",PF05,2020-10-13,Retail,5411,India,6,Active
M0348,"Union Exchange Retail",PF08,2023-05-28,Retail,5411,India,6,Active
M0349,"Prime Loft Services",PF10,2018-09-22,"Consumer Services",7299,India,5,Active
M0350,"Echo Market Travel",PF05,2019-07-04,Travel,4722,Germany,28,Active
M0351,"Lumen Depot Travel",PF08,2018-07-22,Retail,4722,"United States",79,Active
M0352,"Meridian Trail Travel",PF09,2022-01-15,Travel,4722,"United States",49,Active
M0353,"Anchor Studio Learning",PF07,2021-10-03,Education,8299,Nigeria,20,Active
M0354,"Pioneer Hub Cloud",PF04,2023-10-04,SaaS/Subscriptions,5817,India,0,Active
M0355,"Aster Works Digital",PF01,2021-03-01,"Digital Services",5818,Nigeria,1,Active
M0356,"Quartz Point Learning",PF01,2018-11-17,Education,8299,"United States",9,Suspended
M0357,"Willow Line Cloud",PF04,2020-08-18,SaaS/Subscriptions,5817,"United Arab Emirates",0,Active
M0358,"Beacon Labs Health",PF04,2018-07-08,Healthcare,8011,"United States",5,Active
M0359,"Coral House Digital",PF03,2021-11-30,"Digital Services",5818,"United Kingdom",0,Active
M0360,"Delta Field Events",PF04,2021-12-07,Events,7922,"United States",15,Active
M0361,"Nova Group Cloud",PF04,2023-01-01,SaaS/Subscriptions,5817,"United States",0,Active
M0362,"Blue Partners Cloud",PF08,2019-12-25,SaaS/Subscriptions,5817,"South Africa",0,Active
M0363,"Summit Gate Stays",PF01,2019-10-23,Hospitality,7011,"United Kingdom",2,Active
M0364,"Bright Co Stays",PF02,2018-06-01,Hospitality,7011,"United Arab Emirates",1,Active
M0365,"River Ventures Services",PF07,2020-06-03,"Consumer Services",7299,India,5,Active
M0366,"Cedar Bay Retail",PF08,2020-10-09,Retail,5411,Germany,7,Active
M0367,"Orbit Collective Cloud",PF10,2022-05-27,SaaS/Subscriptions,5817,India,0,Active
M0368,"Vertex Exchange Digital",PF08,2022-05-25,"Digital Services",5818,"United States",0,Active
M0369,"Harbor Loft Retail",PF08,2018-10-26,Retail,5411,France,2,Active
M0370,"Falcon Market Services",PF02,2019-08-31,"Consumer Services",7299,Canada,2,Active
M0371,"Maple Depot Digital",PF03,2020-12-25,"Digital Services",5818,Australia,0,Active
M0372,"Silver Trail Retail",PF02,2019-12-15,Retail,5411,India,12,Active
M0373,"Crest Studio Cloud",PF05,2018-02-24,SaaS/Subscriptions,5817,"United States",0,Active
M0374,"North Hub Services",PF09,2022-12-07,"Consumer Services",7299,"South Africa",0,Active
M0375,"Atlas Works Digital",PF03,2022-04-07,"Digital Services",5818,"United Kingdom",1,Active
M0376,"Clover Point Services",PF04,2021-01-12,"Consumer Services",7299,"United States",1,Active
M0377,"Golden Line Travel",PF02,2019-11-08,Travel,4722,"United Kingdom",28,Active
M0378,"Union Labs Health",PF01,2022-12-01,Healthcare,8011,Canada,1,Active
M0379,"Prime House Learning",PF02,2018-03-17,Education,8299,"United Arab Emirates",4,Active
M0380,"Echo Field Stays",PF01,2020-08-08,Hospitality,7011,Australia,1,Active
M0381,"Lumen Group Retail",PF09,2022-09-03,Retail,5411,Canada,5,Active
M0382,"Meridian Partners Learning",PF03,2023-07-23,Education,8299,"United States",16,Active
M0383,"Anchor Gate Travel",PF08,2019-06-20,Travel,4722,"South Africa",58,Active
M0384,"Pioneer Co Retail",PF06,2021-10-18,Retail,5411,Germany,2,Active
M0385,"Aster Ventures Health",PF02,2019-02-09,Healthcare,8011,Singapore,0,Active
M0386,"Quartz Bay Cloud",PF01,2018-09-04,SaaS/Subscriptions,5817,"United States",0,Active
M0387,"Willow Collective Retail",PF07,2020-01-22,Retail,5411,France,3,Active
M0388,"Beacon Exchange Retail",PF02,2023-03-01,Retail,5411,"United Kingdom",4,Active
M0389,"Coral Loft Cloud",PF09,2022-01-08,SaaS/Subscriptions,5817,"United States",0,Active
M0390,"Delta Market Services",PF01,2020-11-08,"Consumer Services",7299,India,0,Active
M0391,"Nova Depot Digital",PF06,2019-08-26,"Digital Services",5818,"United States",0,Active
M0392,"Blue Trail Travel",PF07,2018-10-29,Travel,4722,"United States",59,Active
M0393,"Summit Studio Services",PF02,2019-07-31,"Consumer Services",7299,Singapore,1,Active
M0394,"Bright Hub Health",PF02,2018-11-22,Healthcare,8011,Germany,1,Active
M0395,"River Works Events",PF10,2019-02-03,Events,7922,"South Africa",36,Active
M0396,"Cedar Point Health",PF02,2022-01-04,Healthcare,8011,"United Kingdom",3,Active
M0397,"Orbit Line Travel",PF03,2018-10-10,Travel,4722,Australia,43,Active
M0398,"Vertex Labs Services",PF03,2018-04-11,"Consumer Services",7299,India,1,Active
M0399,"Harbor House Learning",PF02,2021-03-01,Education,8299,Singapore,12,Active
M0400,"Falcon Field Learning",PF07,2019-09-03,Education,8299,"United Arab Emirates",0,Active
M0401,"Maple Group Travel",PF07,2020-08-26,Travel,4722,India,54,Active
M0402,"Silver Partners Health",PF03,2018-10-25,Healthcare,8011,Nigeria,5,Active
M0403,"Crest Gate Travel",PF08,2019-03-24,Travel,4722,"United Kingdom",48,Active
M0404,"North Co Events",PF02,2020-07-28,Events,7922,"United States",19,Active
M0405,"Atlas Ventures Stays",PF01,2022-01-09,Hospitality,7011,Singapore,2,Suspended
M0406,"Clover Bay Digital",PF05,2020-06-01,"Digital Services",5818,Brazil,0,Active
M0407,"Golden Collective Stays",PF10,2021-02-27,Hospitality,7011,"United States",0,Active
M0408,"Union Exchange Services",PF01,2021-01-16,"Consumer Services",7299,Germany,0,Active
M0409,"Prime Loft Learning",PF02,2019-07-27,Education,8299,"South Africa",27,Active
M0410,"Echo Market Travel",PF04,2019-08-19,Travel,4722,Australia,89,Active
M0411,"Lumen Depot Travel",PF07,2020-06-25,Travel,4722,France,60,Active
M0412,"Meridian Trail Travel",PF01,2018-03-10,Travel,4722,India,63,Active
M0413,"Anchor Studio Retail",PF03,2021-12-30,Retail,5411,Singapore,9,Suspended
M0414,"Pioneer Hub Digital",PF06,2021-08-01,"Digital Services",5818,"United Kingdom",1,Active
M0415,"Aster Works Events",PF03,2019-10-15,Events,7922,Nigeria,39,Active
M0416,"Quartz Point Health",PF02,2020-03-07,Healthcare,8011,Germany,5,Active
M0417,"Willow Line Travel",PF02,2019-12-02,Travel,4722,Australia,72,Active
M0418,"Beacon Labs Digital",PF03,2021-10-19,"Digital Services",5818,Germany,0,Suspended
M0419,"Coral House Services",PF04,2022-06-07,"Consumer Services",7299,"United Arab Emirates",2,Active
M0420,"Delta Field Digital",PF08,2018-08-20,"Digital Services",5818,Australia,1,Active
M0421,"Nova Group Digital",PF05,2020-05-30,"Digital Services",5818,India,0,Active
M0422,"Blue Partners Health",PF06,2018-01-30,Healthcare,8011,"South Africa",1,Active
M0423,"Summit Gate Travel",PF10,2020-08-21,Travel,4722,Germany,81,Active
M0424,"Bright Co Stays",PF03,2019-06-13,Hospitality,7011,Singapore,1,Active
M0425,"River Ventures Stays",PF03,2019-12-17,Hospitality,7011,"United Kingdom",1,Active
M0426,"Cedar Bay Retail",PF09,2020-08-30,Retail,5411,Germany,6,Active
M0427,"Orbit Collective Digital",PF02,2019-11-21,"Digital Services",5818,Germany,0,Active
M0428,"Vertex Exchange Learning",PF06,2020-04-19,Education,8299,"United States",11,Active
M0429,"Harbor Loft Health",PF07,2022-06-17,Healthcare,8011,"United States",2,Active
M0430,"Falcon Market Stays",PF01,2022-09-22,Hospitality,7011,Singapore,2,Active
M0431,"Maple Depot Digital",PF04,2018-01-13,"Digital Services",5818,Singapore,0,Active
M0432,"Silver Trail Stays",PF02,2020-03-15,Hospitality,7011,Singapore,0,Active
M0433,"Crest Studio Events",PF02,2022-12-09,Events,7922,"United States",34,Active
M0434,"North Hub Digital",PF04,2021-02-03,"Digital Services",5818,"United Kingdom",1,Active
M0435,"Atlas Works Services",PF02,2019-03-14,"Consumer Services",7299,"United States",2,Active
M0436,"Clover Point Learning",PF07,2021-06-18,Education,8299,Canada,11,Active
M0437,"Golden Line Travel",PF09,2018-11-05,Travel,4722,Brazil,67,Active
M0438,"Union Labs Learning",PF07,2018-02-16,Education,8299,"United Kingdom",20,Active
M0439,"Prime House Travel",PF02,2021-09-09,Travel,4722,Singapore,41,Active
M0440,"Echo Field Health",PF02,2021-01-02,Healthcare,8011,"United States",5,Active
M0441,"Lumen Group Digital",PF02,2022-05-31,"Digital Services",5818,"United Kingdom",1,Active
M0442,"Meridian Partners Stays",PF01,2020-01-05,Hospitality,7011,"United States",0,Active
M0443,"Anchor Gate Travel",PF09,2022-12-25,Travel,4722,"United Kingdom",48,Active
M0444,"Pioneer Co Stays",PF03,2020-06-16,Hospitality,7011,Singapore,2,Active
M0445,"Aster Ventures Services",PF02,2022-04-21,"Consumer Services",7299,"South Africa",2,Active
M0446,"Quartz Bay Retail",PF08,2018-08-02,Retail,5411,"United States",8,Active
M0447,"Willow Collective Digital",PF03,2018-07-26,"Digital Services",5818,India,1,Active
M0448,"Beacon Exchange Learning",PF01,2022-07-26,Education,8299,Australia,21,Active
M0449,"Coral Loft Retail",PF01,2022-11-12,Retail,5411,Nigeria,11,Active
M0450,"Delta Market Stays",PF05,2023-07-01,Hospitality,7011,NULL,0,Active
M0451,"Nova Depot Services",PF07,2019-11-23,"Consumer Services",7299,"United Kingdom",3,Active
M0452,"Blue Trail Cloud",PF02,2018-02-17,SaaS/Subscriptions,5817,"United Arab Emirates",0,Active
M0453,"Summit Studio Retail",PF09,2023-09-19,Retail,5411,"United Kingdom",7,Active
M0454,"Bright Hub Digital",PF08,2021-07-04,"Digital Services",5818,France,0,Active
M0455,"River Works Learning",PF08,2019-06-11,Education,8299,Germany,20,Active
M0456,"Cedar Point Services",PF02,2022-06-15,"Consumer Services",7299,Singapore,0,Active
M0457,"Orbit Line Stays",PF01,2023-04-10,Hospitality,7011,"United States",1,Active
M0458,"Vertex Labs Retail",PF08,2019-08-30,Retail,5411,Germany,5,Closed
M0459,"Harbor House Cloud",PF02,2022-06-28,SaaS/Subscriptions,5817,Brazil,0,Active
M0460,"Falcon Field Retail",PF05,2022-08-05,Retail,5411,"United Arab Emirates",3,Active
M0461,"Maple Group Travel",PF07,2020-12-04,Travel,4722,Germany,78,Active
M0462,"Silver Partners Stays",PF01,2021-09-08,Hospitality,7011,Nigeria,0,Active
M0463,"Crest Gate Events",PF07,2019-07-29,Events,7922,Brazil,25,Active
M0464,"North Co Cloud",PF09,2023-06-03,SaaS/Subscriptions,5817,"United Kingdom",0,Active
M0465,"Atlas Ventures Cloud",PF06,2023-09-26,SaaS/Subscriptions,5817,India,0,Active
M0466,"Clover Bay Learning",PF03,2023-09-21,Education,8299,India,26,Active
M0467,"Golden Collective Learning",PF08,2022-04-20,Education,8299,Singapore,27,Active
M0468,"Union Exchange Cloud",PF04,2018-04-01,SaaS/Subscriptions,5817,"United Kingdom",0,Active
M0469,"Prime Loft Cloud",PF06,2020-02-20,SaaS/Subscriptions,5817,"United Kingdom",0,Active
M0470,"Echo Market Stays",PF07,2020-08-05,Hospitality,7011,"South Africa",0,Active
M0471,"Lumen Depot Retail",PF06,2023-08-07,Retail,5411,"South Africa",5,Active
M0472,"Meridian Trail Cloud",PF02,2021-03-11,SaaS/Subscriptions,5817,Brazil,0,Active
M0473,"Anchor Studio Travel",PF01,2021-02-16,Travel,4722,France,70,Active
M0474,"Pioneer Hub Cloud",PF02,2018-11-09,SaaS/Subscriptions,5817,Australia,NULL,Active
M0475,"Aster Works Retail",PF04,2022-08-18,Retail,5411,Australia,10,Active
M0476,"Quartz Point Events",PF04,2019-12-18,Events,7922,Australia,60,Active
M0477,"Willow Line Retail",PF05,2018-07-15,Retail,5411,India,8,Active
M0478,"Beacon Labs Retail",PF03,2023-10-05,Retail,5411,India,2,Active
M0479,"Coral House Digital",PF07,2019-02-09,"Digital Services",5818,"United Kingdom",1,Active
M0480,"Delta Field Learning",PF09,2018-02-04,Education,8299,Singapore,4,Closed
M0481,"Nova Group Learning",PF02,2018-06-15,Education,8299,"United Kingdom",3,Active
M0482,"Blue Partners Cloud",PF06,2020-08-21,SaaS/Subscriptions,5817,"United Kingdom",0,Active
M0483,"Summit Gate Digital",PF06,2018-08-08,"Digital Services",5818,"United Arab Emirates",1,Active
M0484,"Bright Co Retail",PF04,2022-11-30,Retail,5411,Germany,8,Active
M0485,"River Ventures Retail",PF02,2020-12-27,Retail,5411,"United States",2,Active
M0486,"Cedar Bay Learning",PF07,2019-11-21,Education,8299,Canada,5,Active
M0487,"Orbit Collective Cloud",PF10,2018-01-07,SaaS/Subscriptions,5817,Brazil,0,Active
M0488,"Vertex Exchange Retail",PF06,2020-10-18,Retail,5411,"United States",8,Active
M0489,"Harbor Loft Digital",PF09,2018-11-19,"Digital Services",5818,"United States",0,Active
M0490,"Falcon Market Health",PF10,2023-09-15,Healthcare,8011,"United Kingdom",4,Active
M0491,"Maple Depot Services",PF03,2019-09-13,"Consumer Services",7299,Canada,2,Active
M0492,"Silver Trail Retail",PF05,2020-10-08,Retail,5411,Brazil,8,Active
M0493,"Crest Studio Retail",PF04,2018-02-09,Retail,5411,"United States",7,Active
M0494,"North Hub Digital",PF10,2018-10-06,"Digital Services",5818,Canada,0,Active
M0495,"Atlas Works Cloud",PF01,2019-03-18,SaaS/Subscriptions,5817,"United States",0,Suspended
M0496,"Clover Point Health",PF03,2018-04-21,Healthcare,8011,Germany,2,Active
M0497,"Golden Line Retail",PF08,2022-03-27,Retail,5411,France,9,Active
M0498,"Union Labs Travel",PF02,2023-07-07,Travel,4722,"United States",56,Active
M0499,"Prime House Travel",PF07,2023-09-30,Travel,4722,"United States",62,Active
M0500,"Echo Field Health",PF03,2019-07-21,Healthcare,8011,Germany,3,Active
M0501,"Lumen Group Travel",PF10,2022-08-08,Travel,4722,"United Arab Emirates",34,Active
M0502,"Meridian Partners Events",PF08,2020-12-09,Events,7922,Nigeria,56,Active
M0503,"Anchor Gate Cloud",PF02,2018-04-08,SaaS/Subscriptions,5817,France,0,Active
M0504,"Pioneer Co Stays",PF07,2018-07-13,Hospitality,7011,"United States",1,Active
M0505,"Aster Ventures Cloud",PF03,2021-03-12,SaaS/Subscriptions,5817,"United States",0,Active
M0506,"Quartz Bay Digital",PF05,2020-06-21,"Digital Services",5818,Canada,1,Active
M0507,"Willow Collective Travel",PF05,2018-01-18,Travel,4722,"United Kingdom",82,Active
M0508,"Beacon Exchange Health",PF07,2023-06-05,Healthcare,8011,Brazil,5,Active
M0509,"Coral Loft Health",PF01,2022-04-05,Healthcare,8011,Singapore,4,Active
M0510,"Delta Market Cloud",PF02,2020-12-06,SaaS/Subscriptions,5817,"United States",0,Active
M0511,"Nova Depot Stays",PF06,2023-10-04,Hospitality,7011,Brazil,2,Active
M0512,"Blue Trail Retail",PF04,2023-08-31,Retail,5411,"United States",7,Active
M0513,"Summit Studio Travel",PF04,2023-09-06,Travel,4722,Germany,72,Active
M0514,"Bright Hub Cloud",PF01,2019-07-06,SaaS/Subscriptions,5817,"United Arab Emirates",0,Active
M0515,"River Works Services",PF03,2023-02-20,"Consumer Services",7299,India,1,Active
M0516,"Cedar Point Services",PF08,2020-12-10,"Consumer Services",7299,Singapore,4,Active
M0517,"Orbit Line Digital",PF01,2022-03-27,"Digital Services",5818,Singapore,0,Active
M0518,"Vertex Labs Cloud",PF03,2023-01-05,SaaS/Subscriptions,5817,France,0,Active
M0519,"Harbor House Learning",PF09,2018-12-14,Education,8299,France,28,Active
M0520,"Falcon Field Digital",PF01,2020-08-12,"Digital Services",5818,India,0,Active
M0521,"Maple Group Cloud",PF06,2018-10-02,SaaS/Subscriptions,5817,"United States",0,Active
M0522,"Silver Partners Learning",PF02,2019-08-19,Education,8299,Australia,20,Active
M0523,"Crest Gate Travel",PF08,2020-05-30,Travel,4722,France,20,Active
M0524,"North Co Stays",PF06,2022-12-28,Hospitality,7011,"United Kingdom",0,Active
M0525,"Atlas Ventures Retail",PF08,2023-01-12,Retail,5411,India,12,Active
M0526,"Clover Bay Stays",PF02,2020-04-10,Hospitality,7011,Germany,2,Active
M0527,"Golden Collective Stays",PF04,2019-12-03,Hospitality,7011,"United States",0,Active
M0528,"Union Exchange Health",PF07,2021-02-04,Healthcare,8011,Singapore,0,Active
M0529,"Prime Loft Services",PF02,2023-04-27,"Consumer Services",7299,"United Kingdom",4,Active
M0530,"Echo Market Retail",PF02,2023-09-12,Retail,5411,Canada,12,Active
M0531,"Lumen Depot Health",PF01,2019-04-29,Healthcare,8011,Brazil,1,Active
M0532,"Meridian Trail Services",PF09,2019-02-02,"Consumer Services",7299,Canada,3,Active
M0533,"Anchor Studio Stays",PF06,2022-02-14,Hospitality,7011,Germany,0,Active
M0534,"Pioneer Hub Retail",PF05,2019-10-04,Retail,5411,"United Kingdom",10,Active
M0535,"Aster Works Cloud",PF06,2019-03-02,SaaS/Subscriptions,5817,Australia,0,Active
M0536,"Quartz Point Travel",PF04,2018-03-08,Travel,4722,Canada,49,Suspended
M0537,"Willow Line Digital",PF04,2020-05-08,"Digital Services",5818,India,0,Active
M0538,"Beacon Labs Retail",PF03,2020-04-14,Retail,5411,"South Africa",5,Closed
M0539,"Coral House Retail",PF05,2021-04-14,Retail,5411,"United States",7,Suspended
M0540,"Delta Field Stays",PF02,2019-03-03,Hospitality,7011,Brazil,2,Active
M0541,"Nova Group Stays",PF08,2022-03-02,Hospitality,7011,"United States",0,Active
M0542,"Blue Partners Health",PF07,2021-12-19,Healthcare,8011,"United States",5,Active
M0543,"Summit Gate Travel",PF03,2020-09-11,Travel,4722,India,66,Active
M0544,"Bright Co Events",PF05,2019-01-22,Events,7922,"United States",55,Active
M0545,"River Ventures Cloud",PF01,2020-12-15,SaaS/Subscriptions,5817,"United States",0,Active
M0546,"Cedar Bay Retail",PF10,2021-12-08,Retail,5411,"United States",12,Active
M0547,"Orbit Collective Retail",PF09,2020-03-04,Retail,5411,Germany,3,Active
M0548,"Vertex Exchange Retail",PF09,2019-07-16,Retail,5411,Canada,3,Active
M0549,"Harbor Loft Travel",PF03,2020-12-14,Travel,4722,"United States",75,Active
M0550,"Falcon Market Events",PF01,2020-01-27,Events,7922,Singapore,22,Active
M0551,"Maple Depot Health",PF02,2020-05-03,Healthcare,8011,Canada,0,Active
M0552,"Silver Trail Learning",PF01,2020-01-14,Education,8299,"United States",14,Active
M0553,"Crest Studio Learning",PF01,2019-10-09,Education,8299,"United States",28,Active
M0554,"North Hub Learning",PF01,2022-03-07,Education,8299,Brazil,24,Active
M0555,"Atlas Works Digital",PF10,2020-09-07,"Digital Services",5818,Canada,1,Active
M0556,"Clover Point Travel",PF01,2020-09-20,Travel,4722,India,33,Active
M0557,"Golden Line Cloud",PF01,2021-10-23,SaaS/Subscriptions,5817,Canada,0,Active
M0558,"Union Labs Retail",PF07,2020-02-09,Retail,5411,"United States",5,Active
M0559,"Prime House Cloud",PF05,2018-08-04,SaaS/Subscriptions,5817,Germany,0,Active
M0560,"Echo Field Health",PF07,2022-12-22,Healthcare,8011,Australia,4,Active
M0561,"Lumen Group Retail",PF05,2018-04-29,Retail,5411,"United Kingdom",3,Active
M0562,"Meridian Partners Digital",PF08,2021-05-03,"Digital Services",5818,Australia,1,Active
M0563,"Anchor Gate Health",PF05,2019-07-21,Healthcare,8011,India,0,Active
M0564,"Pioneer Co Retail",PF04,2019-04-01,Retail,5411,Australia,5,Active
M0565,"Aster Ventures Health",PF06,2018-03-31,Healthcare,8011,India,1,Active
M0566,"Quartz Bay Retail",PF03,2023-04-02,Retail,5411,Germany,9,Active
M0567,"Willow Collective Health",PF03,2020-07-03,Healthcare,8011,"United States",5,Active
M0568,"Beacon Exchange Cloud",PF04,2019-12-31,SaaS/Subscriptions,5817,"United States",0,Active
M0569,"Coral Loft Retail",PF01,2022-04-28,Retail,5411,Australia,3,Active
M0570,"Delta Market Retail",PF07,2018-03-25,Retail,5411,"United States",10,Active
M0571,"Nova Depot Travel",PF02,2021-04-17,Travel,4722,"United States",66,Active
M0572,"Blue Trail Cloud",PF01,2020-11-19,SaaS/Subscriptions,5817,"United States",0,Active
M0573,"Summit Studio Services",PF02,2021-03-24,"Consumer Services",7299,"United States",5,Closed
M0574,"Bright Hub Learning",PF08,2018-09-21,Education,8299,Canada,28,Active
M0575,"River Works Stays",PF03,2023-07-22,Hospitality,7011,Germany,0,Active
M0576,"Cedar Point Cloud",PF06,2019-05-23,SaaS/Subscriptions,5817,France,0,Active
M0577,"Orbit Line Stays",PF08,2021-12-16,Hospitality,7011,"United States",2,Active
M0578,"Vertex Labs Travel",PF01,2022-05-11,Travel,4722,Singapore,62,Active
M0579,"Harbor House Services",PF07,2020-01-03,"Consumer Services",7299,Germany,0,Active
M0580,"Falcon Field Retail",PF02,2018-10-06,Retail,5411,Germany,4,Active
M0581,"Maple Group Cloud",PF02,2019-09-24,SaaS/Subscriptions,5817,Brazil,0,Active
M0582,"Silver Partners Retail",PF06,2022-09-15,Retail,5411,France,12,Active
M0583,"Crest Gate Travel",PF09,2023-04-15,Travel,4722,Brazil,58,Active
M0584,"North Co Events",PF02,2023-06-19,Events,7922,"United States",29,Active
M0585,"Atlas Ventures Digital",PF04,2019-04-28,"Digital Services",5818,"United Kingdom",0,Active
M0586,"Clover Bay Learning",PF02,2021-07-15,Education,8299,Singapore,25,Active
M0587,"Golden Collective Services",PF04,2018-11-18,"Consumer Services",7299,"United Kingdom",1,Active
M0588,"Union Exchange Learning",PF05,2022-02-22,Education,8299,Australia,4,Active
M0589,"Prime Loft Retail",PF05,2020-06-04,Retail,5411,"United Arab Emirates",8,Active
M0590,"Echo Market Digital",PF05,2022-02-28,"Digital Services",5818,"United Arab Emirates",1,Suspended
M0591,"Lumen Depot Health",PF01,2021-12-30,Healthcare,8011,Canada,1,Active
M0592,"Meridian Trail Digital",PF06,2023-10-16,"Digital Services",5818,Australia,0,Active
M0593,"Anchor Studio Services",PF06,2020-11-06,"Consumer Services",7299,"United States",2,Active
M0594,"Pioneer Hub Digital",PF06,2019-12-29,"Digital Services",5818,"United States",0,Active
M0595,"Aster Works Health",PF01,2021-01-26,Healthcare,8011,"United Arab Emirates",3,Active
M0596,"Quartz Point Travel",PF03,2018-12-13,Travel,4722,India,38,Active
M0597,"Willow Line Digital",PF03,2018-08-27,"Digital Services",5818,"United Kingdom",0,Active
M0598,"Beacon Labs Retail",PF01,2021-01-10,Retail,5411,Germany,4,Active
M0599,"Coral House Retail",PF02,2022-10-25,Retail,5411,Australia,12,Active
M0600,"Delta Field Learning",PF03,2021-02-09,Education,8299,Canada,28,Active
